{
  "LightGBM": {
    "ETH": {"mean": 8.112840109490012e-05, "std": 0.0007309330861529995}, 
    "UNI": {"mean": 8.349458447505255e-06, "std": 0.0002881778949143548}, 
    "PEPE": {"mean": 0.0006905622568143059, "std": 0.0012559264748893157}, 
    "1INCH": {"mean": 0.00022279633767585666, "std": 0.0011824198472179684}, 
    "AAVE": {"mean": -7.973558382232467e-05, "std": 9.028894880960104e-05}, 
    "SAND": {"mean": 4.1295068705725825e-05, "std": 0.00025439344915782546},
    "SHIB": {"mean": 0.00012450577329021944, "std": 0.00041101540183102075}, 
    "LINK": {"mean": 6.665827428034647e-05, "std": 0.00019781431477731257}
  },
  "RNN": {
    "ETH": { "mean": 5.621180622532263e-05, "std": 0.000828606861591311 },
    "PEPE": { "mean": 5.512073538886429e-05, "std": 0.0017748453263083876 },
    "SHIB": { "mean": 7.057528708157117e-05, "std": 0.0011657961415714345 },
    "LINK": { "mean": 7.602183251200631e-05, "std": 0.001421556569269964 },
    "UNI": { "mean": -9.790663926033494e-06, "std": 0.0013865768236007469 }
  },
  "LSTM": {
    "ETH": { "mean": 5.621180622532263e-05, "std": 0.000828606861591311 },
    "PEPE": { "mean": 5.512073538886429e-05, "std": 0.0017748453263083876 },
    "SHIB": { "mean": 7.057528708157117e-05, "std": 0.0011657961415714345 },
    "LINK": { "mean": 7.602183251200631e-05, "std": 0.001421556569269964 },
    "UNI": { "mean": -9.790663926033494e-06, "std": 0.0013865768236007469 }
  },
  "Transformer": {
    "ETH": { "mean": 5.621180622532263e-05, "std": 0.000828606861591311 },
    "PEPE": { "mean": 5.512073538886429e-05, "std": 0.0017748453263083876 },
    "SHIB": { "mean": 7.057528708157117e-05, "std": 0.0011657961415714345 },
    "LINK": { "mean": 7.602183251200631e-05, "std": 0.001421556569269964 },
    "UNI": { "mean": -9.790663926033494e-06, "std": 0.0013865768236007469 }
  }
}